,iiserid,name,courseid,email,website
0,103,Vivek Mohan Mallick,mth320,vmallick@iiserpune.ac.in,https://www.iiserpune.ac.in/people/faculty-details/103
1,124,Debargha Banerjee,mth321,debargha@iiserpune.ac.in,https://www.iiserpune.ac.in/people/faculty-details/124
2,37,Soumen Maity,mth323,soumen@iiserpune.ac.in,https://www.iiserpune.ac.in/people/faculty-details/37
3,35,Ayan Mahalanobis,mth329,ayanm@iiserpune.ac.in,https://www.iiserpune.ac.in/people/faculty-details/35
4,1000,Pallavi Manohar,mth448,pallavi@acads.iiserpune.ac.in,
5,39,Rama Mishra,mth322,r.mishra@iiserpune.ac.in,http://www.iiserpune.ac.in/people/faculty-details/39
